temp에서 kkk 만들기
mkdir kkk
cd kkk

c언어로 작성
vi kk1.c
#include "main.h"
void kk1()
{
        printf("I'm a handsome guy~! \n");
}
vi kk2.c

vi main.c
#include "main.h"
int main()
{
        printf("Hello I'm main\n");
        kk1();
        kk2();
        return 0;
}

vi main.h
#include<stdio.h>
void kk1();
void kk2();

해당 파일 출력
gcc -c main.c kk1.c kk2.c
gcc -o app.out kk1.o main.o kk2.o -> 목적파일 생성
./app.out -> 파일 출력
rm -rf app.out *.o


vi Makefile
all:app.out
app.out:kk1.o kk2.o main.o
	gcc -o app.out main.o kk1.o kk2.o
main.o:
	gcc -c main.c
kk1.o:
	gcc -c kk1.c
kk2.o:
	gcc -c kk2.c


make로 실행(목적파일 있으면 안됨)

cc=gcc
TARGET=app.out
OBJS=main.o kk1.o kk2.o
all:$(TARGET)
$(TARGET):$(OBJS)
        $(cc) -o $(TARGET) $(OBJS)

main.o:
        $(cc) -c main.c
kk1.o:
        $(cc) -c kk1.c
kk2.o:
        $(cc) -c kk2.c
clean:
        rm -rf $(OBJS) $(TARGET)


make로 실행(목적파일 있으면 안됨)
make clean 하면 목적파일 삭제
./app.out -> 실행되는지 확인



MariaDB할때 네트워크 연결시켜줘야 한다.
전원 표시 누르면 유선 연결로 변경

<<센토스에서 마리아디비설치순서>>
1.
yum install -y gcc gcc-c++ libtermcap-devel gdbm-devel zlib* libxml* freetype* libpng* libjpeg* iconv flex gmp ncurses-devel cmake.x86_61 libaio

2.
vi /etc/yum.repos.d/MariaDB.repo

# MariaDB 10.3 CentOS repository list - created 2019-01-13 00:47 UTC
# http://downloads.mariadb.org/mariadb/repositories/
[mariadb]
name = MariaDB
baseurl = http://yum.mariadb.org/10.3/centos7-amd64
gpgkey=https://yum.mariadb.org/RPM-GPG-KEY-MariaDB
gpgcheck=1

3.
yum install MariaDB-server MariaDB-client

4.
systemctl start mariadb

5. mariadb 시작
service mariadb start

6. 정상작동 되는지 확인
service mariadb status

7.
mysql_secure_installation

8. 실행
mysql -u root -p




SQL 들어올때
mysql -u root -p
password : 1234

database변경
use mysql;

버전, 현재 날짜
MariaDB [mysql]> select version(), current_date;
+-----------------+--------------+
| version()       | current_date |
+-----------------+--------------+
| 10.3.20-MariaDB | 2019-11-22   |
+-----------------+--------------+
1 row in set (0.000 sec)

MariaDB [(none)]> select 5+3, sin(pi()/4);
+-----+--------------------+
| 5+3 | sin(pi()/4)        |
+-----+--------------------+
|   8 | 0.7071067811865475 |
+-----+--------------------+


MariaDB [(none)]> select 5+3;select sin(pi()/4);
+-----+
| 5+3 |
+-----+
|   8 |
+-----+
1 row in set (0.000 sec)
+--------------------+
| sin(pi()/4)        |
+--------------------+
| 0.7071067811865475 |
+--------------------+
1 row in set (0.000 sec)


MariaDB [(none)]> create database webdb;
Query OK, 1 row affected (0.000 sec)

MariaDB [(none)]> show databases;
+--------------------+
| Database           |
+--------------------+
| information_schema |
| mysql              |
| performance_schema |
| webdb              |
+--------------------+
4 rows in set (0.000 sec)


use webdb;

MariaDB [webdb]> create table pet(
    -> name varchar(20),
    -> owner varchar(20),
    -> species varchar(20),
    -> gender char(1),
    -> birth date,
    -> death date);
Query OK, 0 rows affected (0.011 sec)


MariaDB [webdb]> desc pet;
+---------+-------------+------+-----+---------+-------+
| Field   | Type        | Null | Key | Default | Extra |
+---------+-------------+------+-----+---------+-------+
| name    | varchar(20) | YES  |     | NULL    |       |
| owner   | varchar(20) | YES  |     | NULL    |       |
| species | varchar(20) | YES  |     | NULL    |       |
| gender  | char(1)     | YES  |     | NULL    |       |
| birth   | date        | YES  |     | NULL    |       |
| death   | date        | YES  |     | NULL    |       |
+---------+-------------+------+-----+---------+-------+
6 rows in set (0.001 sec)

temp에서 kkk로 파일 옮겨주기
mv pet.txt ./kkk

MariaDB [webdb]> load data local infile 'pet.txt' into table pet;
Query OK, 8 rows affected, 7 warnings (0.008 sec)    
Records: 8  Deleted: 0  Skipped: 0  Warnings: 7

MariaDB [webdb]> select * from pet;
+----------+--------+---------+--------+------------+------------+
| name     | owner  | species | gender | birth      | death      |
+----------+--------+---------+--------+------------+------------+
| Fluppy   | Harold | cat     | f      | 1993-02-04 | NULL       |
| Claws    | Gwen   | cat     | m      | 1994-03-17 | NULL       |
| Buffy    | Harold | dog     | f      | 1989-05-13 | NULL       |
| Fang     | Benny  | dog     | m      | 1990-08-27 | NULL       |
| Bowser   | Diane  | dog     | m      | 1990-08-31 | 1995-07-29 |
| Chirpy   | Gwen   | bird    | f      | 1998-09-11 | NULL       |
| Whistler | Gwen   | bird    |        | 1997-12-09 | NULL       |
| Slim     | Benny  | snake   | m      | 1996-04-29 | NULL       |
+----------+--------+---------+--------+------------+------------+
8 rows in set (0.000 sec)


MariaDB [webdb]> create table EMP(
	EMPNO int(10),
	ENAME varchar(10),
	JOB varchar(20),
	MGR int(10),
	HIREDATE date,
	SAL int(10),
	COMM int(10),
	DEPTNO int(10));

load data local infile 'EMP.txt' into table EMP;

header가 있으므로 삭제
delete from EMP where EMPNO=0;


MariaDB [webdb]> select ename, sal
    -> from EMP
    -> where sal between 2500 and 4000;
+-------+------+
| ename | sal  |
+-------+------+
| JONES | 2975 |
| BLAKE | 2850 |
| SCOTT | 3000 |
| FORD  | 3000 |
+-------+------+
4 rows in set (0.001 sec)


MariaDB [webdb]> select distinct job from EMP group by job;
+-----------+
| job       |
+-----------+
| ANALYST   |
| CLERK     |
| MANAGER   |
| PRESIDENT |
| SALESMAN  |
+-----------+
5 rows in set (0.001 sec)


MariaDB [webdb]> select count(distinct job) from EMP;
+---------------------+
| count(distinct job) |
+---------------------+
|                   5 |
+---------------------+
1 row in set (0.000 sec)


MariaDB [webdb]> select ename, empno, comm
    -> from EMP
    -> order by ename;
+--------+-------+------+
| ename  | empno | comm |
+--------+-------+------+
| ADAMS  |  7876 |    0 |
| ALLEN  |  7499 |  300 |
| BLAKE  |  7698 |    0 |
| CLARK  |  7782 |    0 |
| FORD   |  7902 |    0 |
| JAMES  |  7900 |    0 |
| JONES  |  7566 |    0 |
| KING   |  7839 |    0 |
| MARTIN |  7654 | 1400 |
| MILLER |  7934 |    0 |
| SCOTT  |  7788 |    0 |
| SMITH  |  7369 |    0 |
| TURNER |  7844 |    0 |
| WARD   |  7521 |  500 |
+--------+-------+------+
14 rows in set (0.000 sec)


MariaDB [webdb]> select * from EMP where mgr = 0;
+-------+-------+-----------+------+------------+------+------+--------+
| EMPNO | ENAME | JOB       | MGR  | HIREDATE   | SAL  | COMM | DEPTNO |
+-------+-------+-----------+------+------------+------+------+--------+
|  7839 | KING  | PRESIDENT |    0 | 1981-11-17 | 5000 |    0 |     10 |
+-------+-------+-----------+------+------------+------+------+--------+
1 row in set (0.000 sec)







-----------------------------------JAVA

cmd창에서
javac Hello.java => java class 생성
java Hello => Hello.java 실행
